staffid,hospitalid,firstname,lastname,role,contactinfo
11112,36,Gian,Sempill,Anesthesiologist,(686) 7735390
11113,47,Tildie,Jaskiewicz,Anesthesiologist,(141) 4105008
11114,47,Lorrin,Grimm,Administrator,(664) 8738343
11115,2,Marie-jeanne,Shields,Administrator,(138) 3198623
11116,14,Kellina,Braz,Registered Nurse,(148) 4081211
11117,31,Aksel,Weatherhead,Transplant Coordinator,(414) 3295124
11118,27,Mile,Chismon,Transplant Coordinator,(480) 9532504
11119,28,Manon,Yeell,Surgeon,(434) 8381502
11120,13,Arnold,Piercey,Surgical Technologist,(743) 5485164
11121,3,Misha,Delacoste,Surgical Technologist,(527) 9179180
11122,29,Emogene,Twidale,Surgeon,(389) 7400244
11123,17,Christy,Justice,Registered Nurse,(667) 3449881
11124,36,Muriel,Joyson,Anesthesiologist,(597) 1499433
11125,26,Blake,Glison,Registered Nurse,(880) 5694625
11126,39,Renae,Wride,Transplant Coordinator,(130) 4391150
11127,3,Geoffrey,Aikin,Surgeon,(479) 5784848
11128,4,Ellary,Parley,Administrator,(960) 9475791
11129,47,Gillan,Bangle,Anesthesiologist,(593) 8487049
11130,25,Blake,Terbruggen,Transplant Coordinator,(297) 4348572
11131,20,Bambi,Probey,Anesthesiologist,(953) 8578306
11132,47,Annie,Shoulders,Anesthesiologist,(202) 9082658
11133,4,Alayne,D'Oyley,Surgeon,(880) 9845979
11134,14,Greta,Dodgshun,Transplant Coordinator,(104) 1697935
11135,43,Deeann,Ropcke,Registered Nurse,(899) 2143531
11136,7,Alethea,Kyttor,Surgical Technologist,(802) 2016589
11137,1,Clara,Jenks,Anesthesiologist,(631) 6837801
11138,25,Llewellyn,Chiverstone,Surgical Technologist,(474) 2536011
11139,6,Jacynth,Parkyn,Anesthesiologist,(810) 5092265
11140,43,Winn,Corradini,Lab Technician,(618) 1512752
11141,2,Henriette,Fennick,Administrator,(286) 7178254
11142,34,Juana,Ainscough,Anesthesiologist,(900) 5282152
11143,29,Othilie,Boness,Anesthesiologist,(690) 5216219
11144,25,Marshall,Linggood,Surgical Technologist,(147) 7614255
11145,42,Matthew,Sartin,Anesthesiologist,(104) 5034796
11146,7,Stewart,Bootland,Surgeon,(703) 1554082
11147,3,Stormy,Callaway,Surgical Technologist,(504) 1376500
11148,42,Germayne,Jest,Surgical Technologist,(847) 1117809
11149,42,Alli,Chesterfield,Surgical Technologist,(826) 3171175
11150,48,Johna,Jeromson,Lab Technician,(863) 7878497
11151,30,Melany,Brislane,Surgeon,(903) 7903652
11152,18,Gillan,Matieu,Administrator,(750) 5907894
11153,31,Melloney,Androlli,Surgeon,(155) 2398713
11154,43,Julissa,Corrao,Registered Nurse,(839) 9439450
11155,23,Karine,Sloley,Surgical Technologist,(468) 3051743
11156,44,Jonie,Rosini,Anesthesiologist,(656) 1736149
11157,47,Anastassia,Node,Administrator,(464) 4308103
11158,3,Cad,Couth,Transplant Coordinator,(184) 1992914
11159,38,Amargo,Postle,Surgical Technologist,(690) 2590243
11160,28,Marie-ann,Maton,Surgical Technologist,(732) 5191750
11161,9,Sibbie,Quick,Transplant Coordinator,(503) 3171296
11162,46,Eda,Foord,Transplant Coordinator,(437) 5187161
11163,12,Linn,Pavinese,Transplant Coordinator,(266) 5608172
11164,45,Doyle,Springthorpe,Surgeon,(262) 6054235
11165,31,Allistir,Gut,Administrator,(999) 4815573
11166,2,Ulric,Webb,Transplant Coordinator,(999) 2465577
11167,23,Reider,Forsyde,Lab Technician,(942) 1711667
11168,34,Zane,Trythall,Lab Technician,(138) 5794269
11169,23,Sisely,Benedict,Surgeon,(395) 4505779
11170,43,Maxim,Kissack,Registered Nurse,(767) 3950163
11171,45,Howey,Salazar,Surgeon,(898) 6565223
11172,36,Ben,Peter,Surgical Technologist,(965) 4032710
11173,20,Tiffani,Bulmer,Surgical Technologist,(902) 7142175
11174,4,Latia,Chiplin,Surgical Technologist,(500) 7385624
11175,40,Eleonora,Iveans,Lab Technician,(726) 3816535
11176,8,Axe,Donegan,Surgeon,(901) 4800245
11177,40,Ivy,Drane,Registered Nurse,(551) 1494690
11178,26,Kinsley,Dedmam,Anesthesiologist,(459) 2178522
11179,10,Annalee,Benettolo,Surgeon,(589) 3494961
11180,20,Kane,Juckes,Administrator,(722) 1225306
11181,30,Delilah,Poynzer,Surgical Technologist,(816) 4279555
11182,33,Jobina,Lawie,Surgical Technologist,(969) 1326579
11183,36,Desiri,Anwell,Anesthesiologist,(553) 7726513
11184,7,Eric,Stendall,Transplant Coordinator,(742) 4368086
11185,12,Gretta,Elman,Anesthesiologist,(165) 7524090
11186,6,Rica,Blunt,Administrator,(862) 9457409
11187,21,Mame,Gibbie,Anesthesiologist,(834) 1946544
11188,28,Kellia,Shinn,Surgeon,(737) 3822675
11189,9,Zia,Ranyelld,Administrator,(125) 2343989
11190,31,Theresa,Skermer,Administrator,(530) 7206609
11191,4,Brenda,Tenney,Registered Nurse,(784) 4399259
11192,44,Toby,Endersby,Transplant Coordinator,(748) 6524821
11193,6,Alejoa,Dunbavin,Anesthesiologist,(477) 2474471
11194,3,Damara,Stronach,Transplant Coordinator,(198) 7093920
11195,15,Duff,Hollington,Anesthesiologist,(221) 5690120
11196,46,Kym,Ragless,Surgeon,(943) 1449585
11197,39,Suzette,Conws,Anesthesiologist,(163) 7956980
11198,46,Moshe,Jeandet,Surgical Technologist,(884) 9774027
11199,16,Cynthy,Fleet,Surgical Technologist,(989) 3317268
11200,24,Averyl,Spofforth,Registered Nurse,(960) 5910409
11201,43,Dagmar,Grout,Lab Technician,(844) 7360951
11202,32,Teena,Clissold,Registered Nurse,(497) 9122216
11203,13,Radcliffe,Randerson,Administrator,(957) 2617128
11204,50,Justinian,Grishagin,Registered Nurse,(224) 4260603
11205,45,Robers,Haycraft,Surgical Technologist,(447) 4454508
11206,16,Antonius,Huxtable,Registered Nurse,(570) 3103361
11207,22,Pegeen,Chsteney,Surgeon,(494) 5176273
11208,45,Wanda,Bonifacio,Lab Technician,(731) 1607896
11209,32,Jeremiah,Rider,Registered Nurse,(720) 5259085
11210,1,Rebeca,Perring,Registered Nurse,(511) 1970316
11211,35,April,Mallebone,Lab Technician,(788) 6819938
11212,47,Livvie,Olley,Anesthesiologist,(730) 5481431
11213,42,Kipp,Winnister,Transplant Coordinator,(193) 8842784
11214,18,Shalne,Walkden,Transplant Coordinator,(261) 7844581
11215,14,Ketti,Noad,Registered Nurse,(854) 7275740
11216,3,Horacio,Denekamp,Transplant Coordinator,(594) 2535377
11217,9,Durward,Anselm,Surgeon,(129) 1712683
11218,3,Luce,McLese,Registered Nurse,(511) 2991248
11219,7,Arvie,Silmon,Surgical Technologist,(810) 2427353
11220,44,Grayce,Campey,Lab Technician,(480) 9756281
11221,48,Georas,Sallier,Administrator,(850) 8881116
11222,3,Kacy,Hay,Surgical Technologist,(881) 8878673
11223,16,Lyndy,Branche,Registered Nurse,(361) 9079875
11224,7,Winston,Rean,Surgical Technologist,(670) 9482279
11225,10,Mavra,Sybry,Transplant Coordinator,(862) 2761360
11226,1,Tarrance,Picheford,Lab Technician,(261) 3870203
11227,13,Travers,Alleyn,Anesthesiologist,(758) 1561627
11228,46,Ichabod,Sautter,Surgical Technologist,(881) 8377565
11229,27,Randell,Hammett,Lab Technician,(115) 2767028
11230,36,Fred,Bovaird,Registered Nurse,(891) 2344080
11231,50,Gladys,Pizer,Registered Nurse,(313) 6005187
11232,39,Berte,Crossman,Registered Nurse,(561) 5362490
11233,20,Gaylord,Jakaway,Surgical Technologist,(673) 3020819
11234,44,Susi,Dorrian,Surgeon,(451) 5490688
11235,14,Nappie,Westby,Surgeon,(289) 2545979
11236,43,Warden,Honisch,Transplant Coordinator,(901) 7016182
11237,8,Bayard,Glading,Lab Technician,(214) 2866748
11238,30,Vickie,Fick,Administrator,(189) 1611383
11239,31,Cesaro,Kinlock,Transplant Coordinator,(247) 5188862
11240,14,Noreen,Futcher,Administrator,(695) 9323579
11241,13,Minnaminnie,Kaszper,Transplant Coordinator,(749) 5458819
11242,24,Balduin,Duligall,Lab Technician,(371) 7336683
11243,21,Zacharias,McCurlye,Lab Technician,(408) 5435751
11244,46,Minetta,Innman,Lab Technician,(994) 2999287
11245,7,Nikolaos,Gouldstraw,Anesthesiologist,(272) 3376914
11246,2,Alain,Tulley,Registered Nurse,(373) 3121569
11247,15,Kristofor,Slane,Registered Nurse,(116) 1631238
11248,33,Eilis,Sinnat,Transplant Coordinator,(632) 5930190
11249,32,Mathew,Linham,Transplant Coordinator,(883) 7080009
11250,32,Tomaso,Gippes,Administrator,(482) 9334850
11251,36,Lara,Lampet,Administrator,(748) 3155307
11252,32,Erika,Willishire,Registered Nurse,(325) 9587341
11253,50,Yelena,McKerton,Transplant Coordinator,(851) 9385704
11254,38,Shep,Dik,Registered Nurse,(191) 2251031
11255,9,Noe,Martt,Anesthesiologist,(517) 5963884
11256,16,Harland,Ainsby,Registered Nurse,(407) 8040260
11257,28,Francklyn,Reddick,Surgical Technologist,(970) 7243050
11258,12,Tricia,Swatton,Registered Nurse,(809) 9694458
11259,34,Caron,Bowser,Registered Nurse,(538) 7416752
11260,42,Darcie,Franchioni,Administrator,(162) 6685957
11261,22,Harvey,Malicki,Registered Nurse,(768) 5664839
11262,14,Betta,Durnall,Surgical Technologist,(883) 6869216
11263,1,Lincoln,Eric,Anesthesiologist,(725) 1534539
11264,27,Martguerita,Devoy,Surgical Technologist,(711) 8636295
11265,16,Urban,Breznovic,Registered Nurse,(327) 5505992
11266,36,Adlai,Flaunier,Registered Nurse,(913) 4631599
11267,45,Dulcy,Griggs,Registered Nurse,(193) 7047732
11268,37,Milka,Heffernan,Administrator,(459) 6745053
11269,46,Ed,Bentson,Surgeon,(180) 6234831
11270,4,Pail,Kirsche,Registered Nurse,(583) 7054452
11271,16,Henrietta,Sabati,Transplant Coordinator,(814) 4749044
11272,23,Carrol,Dowall,Surgical Technologist,(444) 5339867
11273,28,Birgitta,Rowaszkiewicz,Anesthesiologist,(329) 1400130
11274,20,Phil,Fernier,Registered Nurse,(499) 2687399
11275,9,Beryl,Cazereau,Registered Nurse,(124) 6734092
11276,25,Janela,Lodin,Surgeon,(676) 3629803
11277,43,Sibby,Van Der Walt,Administrator,(680) 4929406
11278,37,Micah,Slemming,Anesthesiologist,(716) 3364721
11279,1,Esteban,Lodder,Surgical Technologist,(821) 5652068
11280,26,Noe,Whyffen,Surgeon,(789) 4938966
11281,50,Ameline,Brownhill,Surgical Technologist,(755) 8633128
11282,4,Archibold,Keene,Transplant Coordinator,(930) 9818303
11283,37,Chrissy,Giberd,Transplant Coordinator,(587) 6510033
11284,39,Layne,Hembling,Transplant Coordinator,(335) 5873935
11285,9,Tera,Perrygo,Lab Technician,(169) 8329035
11286,33,Falito,Douglass,Surgical Technologist,(337) 5981673
11287,48,Flemming,Mussen,Registered Nurse,(380) 2204749
11288,5,West,O' Mahony,Lab Technician,(377) 6636021
11289,14,Town,MacRierie,Administrator,(375) 3961754
11290,42,Gerianne,Ciepluch,Anesthesiologist,(202) 5591655
11291,11,Janos,Davies,Surgeon,(795) 1479788
11292,14,Winonah,Kynastone,Administrator,(448) 3837339
11293,1,Vachel,Worling,Lab Technician,(664) 3738727
11294,50,Perle,Pratley,Administrator,(994) 4107775
11295,11,Cullen,Kimbell,Surgeon,(973) 9507111
11296,50,Eddy,Figgess,Transplant Coordinator,(341) 6599278
11297,3,Vina,Crumly,Registered Nurse,(186) 9801567
11298,34,Tobe,Koubu,Transplant Coordinator,(936) 1174156
11299,35,Ynes,Loseby,Surgical Technologist,(482) 8520375
11300,1,Bunni,Lammerding,Lab Technician,(109) 9300628
11301,4,Eduardo,Buske,Lab Technician,(874) 1123055
11302,35,Aron,Nester,Surgical Technologist,(309) 3684656
11303,32,Yank,Walenta,Registered Nurse,(675) 7671823
11304,45,Kaylyn,Jerrans,Administrator,(377) 7779290
11305,24,Joanie,Shoorbrooke,Surgical Technologist,(509) 8242136
11306,31,Daryle,Perrone,Transplant Coordinator,(769) 7993544
11307,8,Ethelred,Damper,Surgeon,(259) 1517703
11308,29,Fancy,Sparsholt,Registered Nurse,(505) 8445760
11309,42,Konstance,Briscoe,Anesthesiologist,(355) 2029315
11310,23,Amalia,Geering,Lab Technician,(115) 6545724
11311,16,Gabriell,Carletto,Anesthesiologist,(602) 9313410
11312,30,Conny,Warn,Administrator,(953) 2873298
11313,1,Valentijn,Oldford,Transplant Coordinator,(532) 8116223
11314,13,Abdel,Hover,Surgical Technologist,(922) 5885043
11315,34,Bronnie,Philot,Surgeon,(509) 1942081
11316,41,Essa,McNickle,Administrator,(965) 8589241
11317,30,Florri,Wilhelmy,Anesthesiologist,(648) 3770962
11318,34,Kenon,Reggio,Transplant Coordinator,(209) 8568125
11319,12,Curcio,Esom,Lab Technician,(267) 8120617
11320,23,Concordia,Margaret,Transplant Coordinator,(264) 9418791
11321,16,Zolly,Lindbergh,Surgeon,(567) 8130858
11322,23,Reidar,Ruskin,Surgeon,(400) 4646992
11323,32,Travers,De Bruijne,Transplant Coordinator,(529) 4781930
11324,50,Aggie,Pesak,Administrator,(623) 9586030
11325,36,Nada,Bodsworth,Registered Nurse,(912) 2620318
11326,5,Corrie,Yewdell,Registered Nurse,(668) 1922827
11327,43,Alexina,Pavelin,Anesthesiologist,(670) 8152663
11328,25,Isaak,Dalgarnocht,Lab Technician,(890) 9523911
11329,28,Otha,Arnaldo,Lab Technician,(174) 8228242
11330,1,Vina,Scowen,Lab Technician,(899) 6466829
11331,44,Mariele,Leake,Surgeon,(358) 4521277
11332,39,Giffard,Elverstone,Surgeon,(984) 2629001
11333,13,Tobe,Asch,Transplant Coordinator,(599) 6341886
11334,32,Cameron,Hewins,Transplant Coordinator,(363) 9013301
11335,21,Aguste,Gookes,Lab Technician,(274) 4723719
11336,48,Guinna,Carletto,Transplant Coordinator,(470) 5234709
11337,26,Lynnelle,Campling,Surgeon,(870) 9255578
11338,50,Waite,Cowdery,Registered Nurse,(929) 5365300
11339,30,Che,Bonsey,Transplant Coordinator,(672) 4107794
11340,38,Ida,Allix,Anesthesiologist,(439) 1288797
11341,1,Orelle,Bravey,Administrator,(691) 4103523
11342,45,Baudoin,Dallinder,Transplant Coordinator,(728) 8217802
11343,7,Tomasine,Leversha,Lab Technician,(183) 4008685
11344,25,Claudie,Bellefant,Anesthesiologist,(763) 1734531
11345,8,Betteanne,Constable,Surgical Technologist,(602) 6478505
11346,25,Lulita,McGrah,Lab Technician,(187) 7368276
11347,16,Wang,Pollie,Surgical Technologist,(225) 3638827
11348,11,Riva,Bagby,Lab Technician,(689) 9044559
11349,42,Zenia,Lomen,Administrator,(144) 7392279
11350,39,Martelle,Pick,Lab Technician,(444) 1151117
11351,6,Marline,Matthesius,Anesthesiologist,(861) 4489612
11352,16,Abramo,Gittoes,Transplant Coordinator,(858) 9713906
11353,13,Micaela,Kroll,Administrator,(528) 9548720
11354,41,Jock,Jozef,Lab Technician,(990) 1201137
11355,27,Felicle,Juan,Transplant Coordinator,(902) 1525063
11356,37,Elicia,Hallan,Surgeon,(387) 8065717
11357,5,Maison,Sprasen,Lab Technician,(638) 1997710
11358,50,Fulton,McNickle,Anesthesiologist,(696) 7789748
11359,32,Twyla,Goosey,Lab Technician,(100) 2647019
11360,49,Jaquelyn,Blockley,Transplant Coordinator,(504) 6067001
11361,14,Caron,Whitley,Registered Nurse,(882) 3877858
11362,10,Leonelle,Danielovitch,Lab Technician,(816) 7227585
11363,29,Natalee,Sego,Transplant Coordinator,(802) 2886425
11364,11,Evyn,Beaford,Surgeon,(536) 3765495
11365,7,Leela,Wrenn,Anesthesiologist,(215) 3448480
11366,49,Ivette,Guiduzzi,Registered Nurse,(714) 8767673
11367,15,Adham,Tomczak,Administrator,(221) 4274287
11368,27,Noel,Matten,Registered Nurse,(261) 7549138
11369,25,Cilka,Liebmann,Transplant Coordinator,(150) 1719167
11370,28,Collen,Ciccottini,Transplant Coordinator,(641) 8862782
11371,5,Brenden,Shipsey,Surgical Technologist,(682) 8818288
11372,30,Lorry,Connop,Lab Technician,(580) 9294108
11373,35,Kanya,Lowsely,Surgeon,(841) 4250158
11374,39,Arlinda,Tribe,Surgical Technologist,(287) 2883325
11375,10,Kaitlyn,Spurman,Surgical Technologist,(740) 5919460
11376,10,Maynard,Kelbie,Surgeon,(214) 8395772
11377,35,Luca,Jedrzejczyk,Registered Nurse,(698) 4615360
11378,46,Neysa,Colbron,Anesthesiologist,(298) 9632808
11379,4,Roxy,Horwell,Lab Technician,(370) 4790262
11380,15,Brunhilde,Burgill,Surgical Technologist,(672) 6323718
11381,21,Dot,Lerway,Anesthesiologist,(674) 3350333
11382,42,Clair,Wint,Transplant Coordinator,(965) 7483021
11383,27,Lindi,Brownlow,Surgical Technologist,(663) 9117008
11384,47,Britta,Crasswell,Anesthesiologist,(583) 2120779
11385,23,Dagmar,Vause,Lab Technician,(937) 2577513
11386,5,Lotti,Penkman,Surgical Technologist,(702) 2462293
11387,40,Hilly,Henriet,Registered Nurse,(733) 8231722
11388,2,Orelie,Pearsall,Surgeon,(780) 3855338
11389,45,Ingmar,MacMoyer,Anesthesiologist,(387) 6932572
11390,45,Jobi,Goodrum,Registered Nurse,(563) 2887182
11391,26,Chucho,Earwicker,Administrator,(859) 4821855
11392,4,Gussi,Herity,Surgical Technologist,(689) 7385916
11393,21,Mei,Asprey,Administrator,(228) 1726512
11394,44,Phylis,Slader,Transplant Coordinator,(365) 5185819
11395,23,Chase,Scholl,Transplant Coordinator,(719) 5520044
11396,34,Glen,Castleman,Anesthesiologist,(675) 6835478
11397,30,Vinni,Eles,Lab Technician,(618) 5712431
11398,34,Marie-jeanne,Center,Lab Technician,(840) 9588521
11399,23,Hymie,Ivashin,Transplant Coordinator,(717) 2930598
11400,10,Spencer,Rowswell,Transplant Coordinator,(842) 2021839
11401,40,Ilyse,Fernihough,Transplant Coordinator,(597) 2041665
11402,28,Eva,Birdsey,Lab Technician,(151) 3969535
11403,24,Lynnett,Weekes,Anesthesiologist,(737) 4892248
11404,27,Ruthe,Legon,Anesthesiologist,(850) 4871249
11405,47,Bernita,Scotchford,Transplant Coordinator,(874) 5073870
11406,40,Wynn,Gulland,Registered Nurse,(906) 8459428
11407,38,Jakob,Daviddi,Administrator,(467) 8070184
11408,32,Rosita,Steketee,Administrator,(298) 8744509
11409,8,Leroi,Wicher,Administrator,(126) 3851840
11410,32,Dag,Killingbeck,Transplant Coordinator,(924) 5686314
11411,45,Loni,Lipsett,Administrator,(357) 4397694
11412,36,Agosto,Merrgen,Registered Nurse,(321) 9205977
11413,30,Anica,Featherby,Transplant Coordinator,(200) 4387298
11414,7,Oliy,Debill,Surgeon,(544) 4877740
11415,12,Kingston,Fewell,Surgeon,(482) 9494571
11416,27,Clem,Ottee,Lab Technician,(882) 8971605
11417,12,Kermy,Duddy,Administrator,(255) 2733502
11418,38,Lynne,Thorby,Registered Nurse,(951) 5224077
11419,31,Nelson,Ragat,Anesthesiologist,(793) 5857673
11420,21,Jyoti,Parsisson,Administrator,(636) 2719495
11421,7,Nonna,Samsin,Registered Nurse,(127) 6188136
11422,4,Riccardo,Doumic,Surgeon,(695) 2884167
11423,16,Kalila,O'Hanlon,Transplant Coordinator,(252) 8328143
11424,35,Celina,Birdall,Anesthesiologist,(884) 2170523
11425,9,Herta,Burdett,Registered Nurse,(265) 9245631
11426,36,Silvia,Coultish,Administrator,(348) 5596561
11427,39,Dorolisa,Bilbrey,Transplant Coordinator,(440) 7188124
11428,28,Dorothy,Mattiessen,Anesthesiologist,(670) 4990241
11429,45,Dierdre,Arnoll,Transplant Coordinator,(135) 6208242
11430,26,Marielle,Haddon,Anesthesiologist,(876) 8514282
11431,6,Dodie,Enticott,Administrator,(188) 9051422
11432,9,Matelda,Galea,Lab Technician,(785) 9592526
11433,3,Daniela,Stollhofer,Transplant Coordinator,(387) 8654574
11434,45,Karyn,Simeon,Surgeon,(576) 3930283
11435,33,Vina,Reiach,Transplant Coordinator,(514) 4554038
11436,17,Sapphira,Fellona,Anesthesiologist,(732) 1652399
11437,23,Devondra,Grayshan,Surgeon,(287) 1990565
11438,12,Maurits,Sedcole,Administrator,(566) 9581023
11439,25,Julian,Bariball,Surgical Technologist,(809) 9787321
11440,30,Odelle,Bindon,Lab Technician,(627) 3516570
11441,48,Ronalda,Rideout,Surgical Technologist,(526) 6699931
11442,11,Paulina,Dawe,Surgical Technologist,(444) 1943167
11443,41,Jordon,Fetherstone,Administrator,(913) 5245867
11444,34,Wait,McTrustrie,Transplant Coordinator,(764) 3898620
11445,36,Orland,Frayling,Lab Technician,(450) 7214103
11446,20,Randall,McWhannel,Registered Nurse,(711) 1536498
11447,15,Horton,Aurelius,Lab Technician,(469) 9919966
11448,40,Guglielmo,Ragles,Transplant Coordinator,(407) 8291929
11449,9,Paulie,Cuseck,Anesthesiologist,(862) 8379779
11450,15,Rockie,Winny,Lab Technician,(882) 4052811
11451,46,Winonah,Bulger,Surgeon,(503) 7295872
11452,37,Mackenzie,Munro,Administrator,(629) 9297749
11453,14,Vanya,Magill,Anesthesiologist,(134) 7832298
11454,8,Marshal,Lobley,Registered Nurse,(519) 7056019
11455,15,Easter,Atton,Surgeon,(898) 2686882
11456,37,Octavius,Poile,Registered Nurse,(600) 2614687
11457,10,Brittany,Langrish,Registered Nurse,(728) 4528319
11458,20,Emmey,Goadby,Surgeon,(201) 7540370
11459,45,Sharlene,Trosdall,Administrator,(437) 8345087
11460,37,Michale,Neesham,Anesthesiologist,(912) 3780469
11461,9,Roley,Blackledge,Lab Technician,(815) 7460453
11462,38,Dougy,Mounfield,Surgeon,(701) 8740350
11463,8,Ursa,Glashby,Anesthesiologist,(880) 3751084
11464,41,Ramsey,Inns,Administrator,(606) 2998354
11465,32,Vic,Clavering,Lab Technician,(997) 5772284
11466,49,Livvie,Murkus,Surgical Technologist,(308) 6390020
11467,22,Renaldo,Rewcassell,Administrator,(634) 7829796
11468,46,Maddie,ffrench Beytagh,Surgical Technologist,(597) 5571246
11469,30,Ingram,Billanie,Surgical Technologist,(892) 6365515
11470,24,Scarlett,Sambidge,Anesthesiologist,(615) 1368899
11471,44,Bay,Linkleter,Administrator,(232) 2914929
11472,18,Cassey,Gull,Surgical Technologist,(645) 2360330
11473,38,Dorine,Moretto,Transplant Coordinator,(913) 3618538
11474,1,Enrichetta,Bunclark,Surgeon,(865) 5220727
11475,39,Granny,Lory,Lab Technician,(291) 2836588
11476,7,Wesley,Segebrecht,Lab Technician,(287) 8908234
11477,24,Tallulah,Testin,Lab Technician,(305) 4452840
11478,33,Maryanne,Waistall,Registered Nurse,(303) 4123577
11479,1,Marybeth,Klimt,Lab Technician,(972) 1622422
11480,18,Bethany,Pigford,Registered Nurse,(845) 8011191
11481,33,Meridel,Tinson,Surgeon,(888) 8132915
11482,8,Leann,Moysey,Transplant Coordinator,(181) 4854935
11483,40,Dalston,Kornacki,Registered Nurse,(306) 9152817
11484,21,Phyllida,Casel,Transplant Coordinator,(591) 3755457
11485,36,Dee,Hallstone,Anesthesiologist,(238) 1806994
11486,35,Dodi,Massy,Surgeon,(811) 4938164
11487,43,Goddart,Shilstone,Surgical Technologist,(635) 3513158
11488,13,Stella,Luckham,Surgeon,(196) 1025605
11489,26,Riccardo,Sargerson,Administrator,(946) 2030002
11490,13,Goddart,Esherwood,Anesthesiologist,(706) 5420375
11491,3,Nariko,Tilmouth,Lab Technician,(570) 7202624
11492,38,Florance,Yerlett,Surgeon,(256) 1859665
11493,42,Obediah,Corradino,Transplant Coordinator,(840) 6376005
11494,40,Henrieta,Recher,Surgical Technologist,(692) 7838592
11495,26,Jeanne,Fobidge,Anesthesiologist,(705) 9167274
11496,18,Patrica,Hartell,Surgical Technologist,(508) 3345494
11497,2,Malvin,Reisen,Surgeon,(128) 9113727
11498,12,Melly,Klimecki,Surgical Technologist,(537) 6871641
11499,14,Hyacintha,Organ,Transplant Coordinator,(187) 9546341
11500,11,Camille,Larenson,Administrator,(338) 8893468
11501,36,Marta,Corradengo,Anesthesiologist,(767) 8995985
11502,33,Jena,Dugan,Lab Technician,(113) 4063910
11503,4,Dulci,Anglin,Anesthesiologist,(710) 8816878
11504,37,Maris,Martinot,Anesthesiologist,(882) 3551273
11505,16,Loren,Alyutin,Anesthesiologist,(260) 3185049
11506,34,Alfredo,Velten,Administrator,(518) 8110452
11507,37,Jamil,Maffei,Administrator,(950) 2352667
11508,50,Lindy,Patroni,Transplant Coordinator,(301) 7236436
11509,42,Hayward,Wolffers,Administrator,(792) 8895597
11510,10,Jerrylee,Linge,Transplant Coordinator,(927) 7261039
11511,31,Brandon,Lettley,Administrator,(465) 8867071
11512,27,Alexandrina,Wimes,Administrator,(412) 8527100
11513,29,Claire,Oguz,Lab Technician,(859) 8907347
11514,43,Valentino,Murphey,Registered Nurse,(645) 4905270
11515,20,Hyacinthe,Dechelle,Surgeon,(106) 2907770
11516,43,Peirce,Ghilardini,Anesthesiologist,(409) 5358117
11517,19,Matty,Slimon,Surgeon,(399) 1911570
11518,13,Salomi,Wildes,Lab Technician,(455) 3423828
11519,22,Kalila,Ainge,Registered Nurse,(949) 6460740
11520,39,Dennis,Treen,Lab Technician,(324) 5178693
11521,14,Jules,Ackers,Registered Nurse,(681) 6055257
11522,23,Tyrus,Furniss,Registered Nurse,(692) 2039903
11523,13,Clarette,Feldman,Lab Technician,(925) 1846366
11524,19,Randolph,Withams,Surgeon,(195) 3151766
11525,2,Yoko,Beeze,Anesthesiologist,(449) 7468976
11526,25,Vida,Oehm,Surgeon,(621) 1645413
11527,44,Monique,Chateau,Anesthesiologist,(393) 5584817
11528,44,Wells,O'Hallihane,Surgeon,(502) 3570512
11529,37,Lowrance,Jentzsch,Administrator,(885) 2224107
11530,47,Cati,Battleson,Transplant Coordinator,(792) 1004382
11531,49,Morey,Chilvers,Surgeon,(219) 5810344
11532,31,Packston,Victory,Surgeon,(523) 1460067
11533,13,Maury,Umbert,Transplant Coordinator,(216) 2550472
11534,26,Dode,Wagen,Surgical Technologist,(570) 2851844
11535,40,Lezley,Belmont,Anesthesiologist,(650) 1523436
11536,13,Ynez,Townsley,Surgeon,(521) 9660125
11537,24,Violette,Winn,Lab Technician,(796) 7764274
11538,34,Bessie,Riglar,Administrator,(391) 5881074
11539,11,Onofredo,Emmitt,Surgeon,(543) 2582615
11540,21,Odey,Hebdon,Surgical Technologist,(158) 7052016
11541,9,Reinhard,Wakeford,Transplant Coordinator,(955) 3038850
11542,20,Cristy,Beardon,Surgeon,(318) 4848186
11543,19,Justinn,Cousen,Surgeon,(563) 3790440
11544,42,Hailey,Robertot,Registered Nurse,(451) 5039812
11545,22,Vilma,Champagne,Surgeon,(934) 6222188
11546,2,Joseito,Bernardy,Registered Nurse,(271) 9990646
11547,5,Sherman,Artrick,Registered Nurse,(355) 5184604
11548,13,Eleonore,Lourens,Administrator,(105) 3232005
11549,47,Curtice,McGee,Lab Technician,(737) 4012749
11550,18,Paquito,Jerrans,Surgical Technologist,(825) 5213732
11551,5,Siana,Sorensen,Administrator,(435) 2754472
11552,47,Nonnah,Bosward,Surgical Technologist,(181) 1888272
11553,47,Issi,Meharg,Surgeon,(432) 4373154
11554,48,Bobbie,Marr,Anesthesiologist,(384) 1751662
11555,19,Simone,Vreiberg,Anesthesiologist,(730) 4400659
11556,9,Burlie,Fryd,Surgical Technologist,(363) 8256589
11557,32,Lolly,Camamile,Surgeon,(513) 8208302
11558,5,Bordy,Kettoe,Surgical Technologist,(372) 5237455
11559,42,Saloma,Longworthy,Anesthesiologist,(272) 9236045
11560,29,Brendon,Ferencowicz,Surgical Technologist,(601) 2465767
11561,35,Francisca,Backhurst,Surgeon,(331) 9301476
11562,36,Sophey,Melliard,Surgeon,(793) 3207097
11563,38,Lory,de Lloyd,Administrator,(469) 8201564
11564,41,Burty,Pedlow,Surgical Technologist,(404) 8588717
11565,5,Fairlie,Jurries,Anesthesiologist,(341) 8008832
11566,15,Melba,Hellmer,Transplant Coordinator,(209) 7540293
11567,25,Josh,Heskin,Transplant Coordinator,(378) 3841584
11568,38,Ruperto,Ferriman,Lab Technician,(551) 4722435
11569,49,Rubi,Brandsma,Anesthesiologist,(169) 3411356
11570,27,Linnet,Gibb,Surgeon,(343) 2789085
11571,20,Boyd,Blenkensop,Anesthesiologist,(941) 2201638
11572,21,Martguerita,Schuchmacher,Anesthesiologist,(515) 9253910
11573,8,Donica,Prahl,Surgical Technologist,(840) 4205291
11574,23,Ly,Capelen,Transplant Coordinator,(414) 1744317
11575,8,Betsey,Alfonso,Registered Nurse,(167) 2698763
11576,36,Clarisse,Denziloe,Surgeon,(730) 4251730
11577,40,Christin,Kwietak,Lab Technician,(859) 1747287
11578,45,Ellis,Sainer,Lab Technician,(889) 1548955
11579,25,Gwynne,Vernon,Surgical Technologist,(368) 6086694
11580,10,Grete,Pirrie,Transplant Coordinator,(763) 1379804
11581,32,Gordy,Spurnier,Anesthesiologist,(896) 3267404
11582,38,Thaddus,Scurr,Transplant Coordinator,(842) 2449822
11583,18,Birgit,Wrettum,Surgical Technologist,(628) 9127340
11584,11,Lodovico,Letessier,Anesthesiologist,(251) 3042507
11585,47,Briana,Clinton,Surgical Technologist,(162) 2864543
11586,44,Skylar,Riddlesden,Surgical Technologist,(942) 2212963
11587,25,Erica,Delos,Transplant Coordinator,(485) 6432250
11588,25,Conway,Borth,Administrator,(178) 1327207
11589,15,Reeba,Gellert,Surgical Technologist,(980) 4390908
11590,37,Regine,Pastor,Lab Technician,(289) 9735393
11591,46,Vincenty,Thame,Lab Technician,(992) 9215954
11592,20,Austen,Colbert,Transplant Coordinator,(827) 7030893
11593,13,Carin,Woodington,Registered Nurse,(756) 6685244
11594,36,Maddy,Vallens,Registered Nurse,(824) 2436645
11595,24,Garrick,Nickolls,Registered Nurse,(793) 8879705
11596,49,Emylee,Glasper,Transplant Coordinator,(101) 4495276
11597,42,Lyndell,Irlam,Anesthesiologist,(150) 6557606
11598,22,Andonis,Cragg,Registered Nurse,(938) 8703886
11599,13,Kalina,D'Ambrosi,Transplant Coordinator,(540) 6817694
11600,37,Aurilia,Pluthero,Registered Nurse,(456) 8805101
11601,36,Kristo,Vittori,Anesthesiologist,(940) 6621511
11602,9,Colas,Goadbie,Administrator,(435) 3613072
11603,47,Brewer,Adan,Transplant Coordinator,(377) 4737651
11604,16,Sidonia,Gourdon,Anesthesiologist,(767) 5523813
11605,33,Portia,Wallice,Administrator,(178) 9584019
11606,17,Corbet,Langelay,Registered Nurse,(214) 2237411
11607,45,Daphne,Laffan,Surgeon,(624) 4331346
11608,32,Conney,Zamorano,Surgeon,(131) 8003881
11609,24,Danette,Elnough,Administrator,(700) 3626800
11610,41,Duky,Garmanson,Registered Nurse,(805) 1148602
11611,13,Abelard,Strowlger,Anesthesiologist,(994) 3713374
11612,11,Constanta,Hinners,Transplant Coordinator,(514) 1557816
11613,36,Rebecka,Sute,Administrator,(121) 6109289
11614,15,Mignonne,Attreed,Administrator,(774) 5795018
11615,47,Viva,Guyot,Transplant Coordinator,(121) 1529903
11616,1,Reggy,Cordner,Lab Technician,(938) 9899942
11617,25,Betsey,Ellicombe,Transplant Coordinator,(206) 1158730
11618,2,Ulrich,Bartlet,Anesthesiologist,(580) 1516178
11619,10,Carie,MacWhirter,Transplant Coordinator,(114) 3907765
11620,2,Ailee,Druce,Surgical Technologist,(656) 8737734
11621,14,Harvey,Snel,Surgeon,(717) 1007568
11622,4,Evanne,Waszczykowski,Surgeon,(587) 9341483
11623,1,Neddie,Matteoli,Surgical Technologist,(785) 1643313
11624,2,Gael,Kagan,Lab Technician,(119) 3297620
11625,8,Korey,Frake,Lab Technician,(553) 9814340
11626,36,Ingmar,Kennard,Transplant Coordinator,(199) 5448273
11627,48,Deeann,Ashbe,Registered Nurse,(237) 4362334
11628,28,Sophie,Gingel,Anesthesiologist,(733) 3223826
11629,21,Berkeley,Praten,Transplant Coordinator,(723) 2572733
11630,1,Georgeta,Giaomozzo,Anesthesiologist,(487) 2409526
11631,22,Vernen,Dawidowitsch,Surgeon,(337) 1495145
11632,50,Demetrius,Lots,Surgeon,(346) 6541157
11633,45,Ania,Seivwright,Transplant Coordinator,(846) 8607090
11634,15,Cross,Jeffryes,Surgical Technologist,(457) 2124996
11635,42,Richmond,Gilbee,Lab Technician,(915) 9743105
11636,41,Shurlock,Pavlasek,Surgeon,(532) 3281102
11637,1,Merola,Johannesson,Surgical Technologist,(914) 9543725
11638,21,Beatrisa,Moro,Surgeon,(780) 6829456
11639,29,Arther,Stuart,Transplant Coordinator,(825) 4297771
11640,5,Izaak,Collisson,Surgical Technologist,(323) 4672487
11641,4,Winny,Jacklin,Lab Technician,(831) 6610925
11642,3,Bran,Parsisson,Registered Nurse,(140) 9745631
11643,19,Gil,Saltmarshe,Administrator,(444) 6067603
11644,12,Dimitry,Ellor,Transplant Coordinator,(185) 5747334
11645,41,Janeva,Chaffyn,Surgical Technologist,(426) 9808140
11646,4,Timi,Lamplough,Administrator,(596) 8970809
11647,27,Lian,Javes,Registered Nurse,(231) 7315248
11648,42,Gretchen,Coon,Surgeon,(993) 7831991
11649,30,Sibyl,Kirsop,Surgical Technologist,(939) 5256308
11650,35,Quintana,Armour,Anesthesiologist,(907) 8341121
11651,24,Anabelle,Deeks,Transplant Coordinator,(345) 2148687
11652,27,Marlin,Bevir,Surgeon,(120) 9380039
11653,10,Felicle,Iacomini,Anesthesiologist,(109) 7743726
11654,29,Wallis,Freathy,Registered Nurse,(798) 4852963
11655,3,Herbert,Geratt,Surgical Technologist,(332) 3920732
11656,20,Edvard,Langthorne,Surgical Technologist,(986) 3860187
11657,24,Neil,Semkins,Registered Nurse,(229) 1444448
11658,38,Mirella,Burrow,Transplant Coordinator,(709) 5823005
11659,12,Nancy,Sansum,Administrator,(140) 5216105
11660,8,Marcile,Lamble,Surgical Technologist,(169) 8412027
11661,28,Patin,Olenichev,Registered Nurse,(818) 3875306
11662,28,Welby,Beards,Anesthesiologist,(202) 5453750
11663,7,Ase,Hawkes,Surgeon,(655) 4848246
11664,11,Antoinette,Grainge,Surgeon,(642) 8098529
11665,13,Nollie,Plait,Surgeon,(759) 6280966
11666,15,Odelia,Orpin,Anesthesiologist,(450) 6021363
11667,12,Renee,Ropars,Surgical Technologist,(607) 1774683
11668,18,Kyle,Vassar,Lab Technician,(955) 6057193
11669,2,Pia,Hearne,Surgeon,(214) 7249057
11670,31,Ephrem,Quilleash,Anesthesiologist,(180) 8357153
11671,43,Darya,Penwarden,Registered Nurse,(834) 5288951
11672,50,Myrtice,Gerran,Transplant Coordinator,(418) 2423444
11673,6,Dalenna,Schaffler,Anesthesiologist,(329) 1950913
11674,22,Shanna,Lambrechts,Lab Technician,(626) 4257273
11675,17,Idelle,Sor,Administrator,(330) 7628733
11676,18,Garth,Castell,Surgeon,(179) 1051056
11677,13,Dolorita,Adderson,Transplant Coordinator,(433) 3628670
11678,47,Alysa,Plowell,Surgeon,(742) 2520044
11679,14,Rozele,Klambt,Surgeon,(832) 9130656
11680,28,Eldon,Georger,Transplant Coordinator,(869) 8152997
11681,9,Jocelyne,Males,Administrator,(254) 2722752
11682,34,Richard,Daggett,Anesthesiologist,(692) 9154500
11683,7,Gunter,Pylkynyton,Surgeon,(409) 1385296
11684,1,Corey,Gilliat,Surgeon,(731) 7616901
11685,10,Verge,Giorgietto,Registered Nurse,(968) 2572499
11686,12,Joleen,Selman,Transplant Coordinator,(255) 1548124
11687,37,Manuel,Tchaikovsky,Anesthesiologist,(470) 7736284
11688,17,Marilin,Thirkettle,Administrator,(202) 3502126
11689,34,Grannie,Purdie,Transplant Coordinator,(828) 6603659
11690,30,Feliza,enzley,Transplant Coordinator,(515) 7106965
11691,18,Winfred,Prendergrast,Anesthesiologist,(341) 2058944
11692,36,Bondie,Veitch,Anesthesiologist,(202) 3380423
11693,20,Heindrick,Dymoke,Anesthesiologist,(279) 7941223
11694,18,Lisa,Mixer,Transplant Coordinator,(289) 9238214
11695,40,Lisha,Gorler,Administrator,(445) 5087455
11696,38,Woody,Verdy,Administrator,(747) 4940647
11697,10,Robyn,Suttie,Transplant Coordinator,(608) 8843570
11698,15,Mead,Dowley,Administrator,(532) 3763693
11699,35,Porter,Javes,Registered Nurse,(105) 6202036
11700,36,Hermy,Mesant,Transplant Coordinator,(953) 4790947
11701,48,Leila,Gernier,Surgeon,(533) 6567433
11702,44,Myrtle,de Almeida,Surgeon,(677) 1846175
11703,31,Aldon,Franchioni,Surgeon,(909) 1767983
11704,45,Sanford,Rolls,Transplant Coordinator,(911) 1502554
11705,33,Sayres,Jerman,Registered Nurse,(878) 1170947
11706,46,Becky,Redihough,Surgical Technologist,(759) 1291215
11707,23,Shell,Bertenshaw,Registered Nurse,(780) 6166047
11708,39,Elinor,Pullen,Administrator,(959) 3939011
11709,8,Shannon,Buckby,Anesthesiologist,(867) 4262872
11710,11,Fran,Desbrow,Surgical Technologist,(373) 8552514
11711,47,Lannie,Marzele,Registered Nurse,(893) 9355170
11712,6,Rolando,Hayball,Lab Technician,(910) 6213920
11713,26,Harri,Henker,Anesthesiologist,(127) 8294147
11714,15,Johanna,Kennifeck,Transplant Coordinator,(468) 6792167
11715,7,Gasper,Mycock,Administrator,(523) 1585168
11716,30,George,Blackmore,Transplant Coordinator,(509) 2910561
11717,28,Dolly,Drife,Transplant Coordinator,(605) 8857689
11718,16,Margaretta,Aldhouse,Transplant Coordinator,(412) 2370694
11719,41,Harman,Mackerness,Transplant Coordinator,(538) 8093145
11720,50,Bobbi,Guiraud,Administrator,(426) 5017811
11721,36,Gerrie,Bolliver,Surgeon,(989) 3771352
11722,18,Husein,Roullier,Surgical Technologist,(489) 3437472
11723,12,Henriette,Tanswill,Surgical Technologist,(375) 3848764
11724,40,Ashil,Franzel,Transplant Coordinator,(303) 5969410
11725,27,Grant,Furmage,Surgical Technologist,(494) 6654551
11726,3,Corney,Lockier,Administrator,(628) 7562772
11727,29,Katerine,Tyre,Registered Nurse,(814) 1800358
11728,39,Linda,Pimlett,Surgical Technologist,(772) 2482212
11729,34,Miles,McCartney,Lab Technician,(994) 1902223
11730,37,Luci,Halwood,Lab Technician,(215) 2149500
11731,40,Davida,Nelthorp,Transplant Coordinator,(892) 7999165
11732,43,Adrianne,Strathearn,Anesthesiologist,(860) 4685125
11733,13,Maddalena,Hirschmann,Surgical Technologist,(641) 4494811
11734,26,Diandra,Benmore,Transplant Coordinator,(763) 9959444
11735,40,Toma,Obert,Registered Nurse,(869) 7168845
11736,12,Susanetta,Figliovanni,Registered Nurse,(339) 4875258
11737,31,Maiga,Pyle,Surgical Technologist,(808) 6803716
11738,24,Letta,Boyan,Lab Technician,(872) 4569337
11739,26,Ebba,Bertelmot,Administrator,(683) 1797927
11740,40,Guenevere,Underhill,Anesthesiologist,(945) 1673797
11741,38,Evan,Tarney,Registered Nurse,(408) 4907600
11742,24,Georgine,Calley,Surgeon,(797) 4842543
11743,46,Mariya,Dri,Transplant Coordinator,(159) 4927230
11744,3,Dell,Gillbe,Surgeon,(662) 7805823
11745,23,Alia,Pallent,Surgical Technologist,(221) 6294925
11746,33,Verna,Boyan,Anesthesiologist,(298) 4046167
11747,2,Lorain,Stealfox,Surgical Technologist,(995) 5463487
11748,3,Ingemar,Abramov,Surgeon,(823) 8817510
11749,27,Mureil,Pitcock,Lab Technician,(898) 4361236
11750,32,Rosaline,Halladey,Surgical Technologist,(443) 2161026
11751,46,Filia,Inold,Transplant Coordinator,(270) 7304573
11752,45,Candi,Crudginton,Surgeon,(234) 2489730
11753,31,Hasty,Palombi,Anesthesiologist,(616) 4439283
11754,12,Forrest,Meeland,Surgeon,(647) 8651044
11755,13,Bethena,Schirok,Lab Technician,(524) 9349497
11756,11,Anna-maria,Mephan,Registered Nurse,(823) 8393572
11757,44,Karalynn,Hartwell,Anesthesiologist,(894) 2982069
11758,45,Mechelle,Do Rosario,Surgeon,(655) 3870721
11759,17,Peterus,Ivatts,Surgeon,(504) 8365692
11760,6,Marcelia,Valente,Surgical Technologist,(885) 8840984
11761,18,Cori,Probart,Surgical Technologist,(891) 9247117
11762,25,Abramo,Grelka,Surgeon,(445) 5234537
11763,3,Martyn,Haverson,Lab Technician,(580) 1809212
11764,7,Samson,Byllam,Transplant Coordinator,(850) 3473096
11765,13,Marve,Magister,Administrator,(302) 7111141
11766,42,Rhoda,Andreassen,Surgical Technologist,(613) 9337927
11767,14,Ortensia,Byard,Surgeon,(193) 5463691
11768,15,Lynnett,Hasson,Lab Technician,(447) 9855009
11769,22,Sandy,Celli,Surgical Technologist,(103) 1310816
11770,35,Brita,Ollivierre,Anesthesiologist,(584) 8225985
11771,50,Wilone,Sulland,Administrator,(473) 7377219
11772,10,Gerek,Pennycuick,Surgeon,(697) 4816151
11773,14,Dame,Fosken,Surgical Technologist,(183) 1305931
11774,25,Olva,Robshaw,Lab Technician,(999) 7640318
11775,15,Deloria,Harrismith,Anesthesiologist,(202) 5491292
11776,6,Eachelle,Jaggli,Lab Technician,(134) 9375876
11777,23,Edy,Dericut,Administrator,(837) 4210530
11778,32,Jeri,Cordes,Administrator,(232) 7143769
11779,4,Simone,Scanderet,Transplant Coordinator,(683) 6694903
11780,1,Tedra,Reaveley,Surgical Technologist,(928) 1585113
11781,43,Kaye,Gircke,Transplant Coordinator,(960) 7489591
11782,33,Jan,Isaq,Lab Technician,(986) 5601199
11783,30,Crissy,Galloway,Lab Technician,(127) 3297802
11784,28,Jephthah,Ruos,Surgical Technologist,(264) 2999972
11785,39,Crista,Joutapavicius,Administrator,(963) 1810069
11786,23,Valli,Hugle,Registered Nurse,(275) 6038528
11787,3,Yorgos,Brunini,Registered Nurse,(712) 7156785
11788,30,Alexia,Ambrogio,Transplant Coordinator,(967) 5353735
11789,8,Vania,Lighterness,Surgical Technologist,(138) 7915861
11790,36,Heidi,Broadnicke,Lab Technician,(921) 2633734
11791,25,Dennis,Arent,Anesthesiologist,(197) 8782682
11792,41,Gilberte,Casoni,Administrator,(148) 8137805
11793,39,Sunny,Glynn,Transplant Coordinator,(348) 1147562
11794,6,Faith,Bricksey,Surgical Technologist,(919) 9421511
11795,3,Brigid,Edgcumbe,Lab Technician,(933) 2759456
11796,28,Dorette,Mattevi,Surgical Technologist,(777) 3929054
11797,19,Tracee,Lillecrop,Surgeon,(388) 3439127
11798,47,Bernelle,Aylesbury,Lab Technician,(141) 3095659
11799,14,Engracia,Lochran,Administrator,(773) 2335492
11800,41,Hugibert,Redfearn,Transplant Coordinator,(548) 4769858
11801,2,Damian,Ingerson,Surgeon,(343) 4258074
11802,11,Guglielmo,Boxe,Registered Nurse,(146) 8871522
11803,27,Innis,Knuckles,Anesthesiologist,(511) 8696962
11804,41,Hester,Cullington,Surgical Technologist,(869) 4941662
11805,38,Ellis,Coil,Lab Technician,(689) 7486731
11806,9,Giovanni,Klimt,Lab Technician,(370) 1221242
11807,20,Damon,Tydd,Surgical Technologist,(860) 8057782
11808,42,Marlyn,Campo,Anesthesiologist,(723) 5537940
11809,15,Carlen,Grief,Surgical Technologist,(939) 2404358
11810,30,Andrej,Moncrefe,Surgical Technologist,(764) 4927090
11811,1,Cristine,Gudgeon,Surgical Technologist,(153) 2383497
11812,23,Emmott,Jenno,Administrator,(374) 1213130
11813,39,Breena,Ibbs,Lab Technician,(617) 7666714
11814,21,Garwin,Varlow,Lab Technician,(644) 2329560
11815,3,Arlyn,Swatradge,Surgical Technologist,(835) 4467512
11816,24,Nike,Northill,Transplant Coordinator,(539) 4305326
11817,14,Davide,Lilly,Lab Technician,(338) 4301657
11818,41,Farlie,Ricciardi,Surgical Technologist,(300) 8965270
11819,24,Andeee,Mould,Transplant Coordinator,(215) 8174338
11820,3,Kym,Egdal,Registered Nurse,(913) 1324699
11821,39,Penelope,Pimlett,Administrator,(930) 6780376
11822,30,Grier,Gerrels,Transplant Coordinator,(253) 4994067
11823,34,Calli,Husselbee,Anesthesiologist,(955) 2321215
11824,45,Gardie,Maddams,Surgeon,(900) 8843306
11825,16,Pablo,Sedge,Surgeon,(182) 9141101
11826,7,Stu,Pedden,Lab Technician,(879) 6873692
11827,16,Alvin,O'Lagene,Surgical Technologist,(141) 4008585
11828,9,Georgie,Beatey,Registered Nurse,(954) 1625317
11829,10,Kellyann,Esch,Administrator,(244) 8995197
11830,2,Rocky,Stirzaker,Surgical Technologist,(936) 3803011
11831,1,Giraud,Momery,Surgeon,(615) 1336283
11832,44,Isaiah,Dwine,Transplant Coordinator,(760) 1111815
11833,35,Baron,Puve,Surgeon,(697) 7397961
11834,6,Shayne,Skeech,Transplant Coordinator,(757) 2623335
11835,12,Darlene,Danilishin,Administrator,(742) 6943323
11836,12,Jeremy,De Simoni,Surgeon,(503) 3994900
11837,48,Burlie,Winslade,Administrator,(736) 4384755
11838,46,Elva,Giovanazzi,Administrator,(748) 5288781
11839,38,Martin,John,Administrator,(247) 4039163
11840,20,Eugen,Pounder,Registered Nurse,(432) 3053604
11841,13,Quinton,Totman,Surgical Technologist,(783) 6475561
11842,40,Roanne,Stallworth,Surgeon,(534) 6544712
11843,2,Ambrosi,Ablitt,Surgeon,(602) 9535328
11844,50,Georgena,Kither,Administrator,(878) 3517977
11845,12,Fiorenze,Watsam,Anesthesiologist,(847) 7712347
11846,36,Cati,Werndly,Lab Technician,(700) 8541144
11847,11,Laryssa,Twelvetrees,Transplant Coordinator,(737) 2335313
11848,35,Kristian,Isaq,Anesthesiologist,(167) 4284145
11849,9,Anneliese,Tuffield,Surgical Technologist,(326) 4446931
11850,16,Brooks,Hanbidge,Transplant Coordinator,(375) 4682210
11851,18,Martina,Carolan,Surgeon,(896) 4114560
11852,30,Royall,Presnell,Lab Technician,(428) 4883103
11853,11,Saul,Soal,Surgical Technologist,(653) 4184993
11854,12,Verene,Casaccio,Surgical Technologist,(405) 1146945
11855,8,Addia,Hyam,Transplant Coordinator,(515) 9293365
11856,41,Francoise,Hawse,Surgeon,(109) 5651134
11857,15,Bobby,Maxsted,Lab Technician,(439) 9341093
11858,38,Humfrid,Van Der Straaten,Administrator,(348) 9695829
11859,30,Cassey,Peiser,Lab Technician,(864) 9728756
11860,42,Trace,Hertwell,Surgical Technologist,(168) 6054499
11861,21,Hanny,Jacquet,Lab Technician,(415) 6432854
11862,1,Darla,Beamiss,Lab Technician,(935) 6755652
11863,16,Sibylla,Ruckledge,Surgical Technologist,(982) 2134325
11864,44,Leigh,Follen,Registered Nurse,(539) 1678301
11865,16,Pembroke,Potts,Surgeon,(818) 1973135
11866,36,Obie,Nolda,Surgeon,(175) 5431748
11867,25,Tucky,Hedgecock,Administrator,(461) 4907175
11868,5,Caz,Keysall,Transplant Coordinator,(306) 7383634
11869,16,Stefan,Mulqueeny,Anesthesiologist,(157) 1144879
11870,12,Zeb,Thorns,Administrator,(635) 3293904
11871,25,Obidiah,Kivell,Surgeon,(299) 7842787
11872,6,Dilan,Schleicher,Surgeon,(380) 6324156
11873,46,Wolf,Eagleton,Anesthesiologist,(231) 7664854
11874,20,Idalia,Royds,Transplant Coordinator,(514) 5521833
11875,9,Helsa,Bowering,Lab Technician,(681) 5329660
11876,38,Fidelia,Ethridge,Surgeon,(298) 4384800
11877,48,Nona,Monkleigh,Surgeon,(183) 2873539
11878,24,Taite,Winkett,Anesthesiologist,(272) 4564438
11879,32,Giffard,Tattershall,Administrator,(283) 5891310
11880,43,Sutherland,Kristoffersson,Surgical Technologist,(230) 4633206
11881,5,Evvie,Kytley,Anesthesiologist,(368) 6848366
11882,27,Freddy,Vidgeon,Registered Nurse,(392) 7451808
11883,49,Brina,Reichert,Transplant Coordinator,(736) 5997379
11884,37,Stefano,Doerr,Administrator,(481) 4039802
11885,40,Dewain,Lamey,Administrator,(435) 7005462
11886,27,Xymenes,McAloren,Transplant Coordinator,(182) 3257174
11887,30,Odetta,Learmouth,Transplant Coordinator,(423) 4227727
11888,36,Suzy,Capron,Surgical Technologist,(397) 1501845
11889,7,Marci,Langstone,Anesthesiologist,(240) 9340234
11890,33,Dorene,Japp,Lab Technician,(755) 9842497
11891,50,Fanchette,Gantzman,Transplant Coordinator,(915) 7712728
11892,31,Arlena,Rogeron,Surgeon,(944) 5976669
11893,30,Desmund,De Malchar,Surgical Technologist,(748) 8517076
11894,41,Rowe,Philps,Transplant Coordinator,(338) 7100595
11895,20,Phyllida,Mussalli,Transplant Coordinator,(860) 6780248
11896,35,Ann,Phillips,Lab Technician,(396) 5859819
11897,33,Gretna,Eskriett,Surgeon,(228) 4023410
11898,7,Monique,Pescud,Lab Technician,(769) 8070866
11899,9,Emyle,Sulman,Surgical Technologist,(412) 9707829
11900,26,Dodi,Pidler,Administrator,(870) 6003492
11901,8,Maritsa,Renihan,Registered Nurse,(988) 7973482
11902,47,Devan,Jammes,Transplant Coordinator,(480) 4342350
11903,24,Theressa,Merwood,Transplant Coordinator,(816) 7007625
11904,25,Fonzie,Chawkley,Surgical Technologist,(347) 6171959
11905,25,Idelle,Winckle,Surgical Technologist,(219) 3912121
11906,15,Harriot,Cheavin,Administrator,(756) 5818635
11907,24,Adiana,Downe,Registered Nurse,(766) 4442851
11908,26,Rubin,Boath,Lab Technician,(834) 2882524
11909,26,Whittaker,Windley,Transplant Coordinator,(616) 7429865
11910,13,Nobie,Cottle,Registered Nurse,(824) 2481268
11911,27,Kali,Haysey,Registered Nurse,(675) 8458025
11912,39,Giacobo,Mathelin,Anesthesiologist,(523) 9501499
11913,46,Diarmid,Iacopetti,Surgical Technologist,(980) 1124255
11914,20,Jonell,Seton,Lab Technician,(960) 8522388
11915,3,Sanson,Heaffey,Surgical Technologist,(546) 7255337
11916,30,Fransisco,Cabell,Surgical Technologist,(349) 4446163
11917,12,Bevan,O'Crowley,Surgical Technologist,(713) 8925041
11918,22,Matti,Closs,Anesthesiologist,(925) 8927375
11919,30,Shamus,Lattka,Lab Technician,(465) 3309346
11920,4,Aline,Gamil,Administrator,(634) 6455102
11921,27,Caitrin,Muldoon,Administrator,(949) 4873949
11922,47,Jarrad,Bausmann,Surgeon,(990) 8315664
11923,42,Maddie,Drogan,Administrator,(932) 9407887
11924,18,Angie,Griffe,Lab Technician,(543) 7060994
11925,40,Steffen,Onthank,Surgical Technologist,(779) 4701213
11926,32,Coop,Choke,Registered Nurse,(268) 9822128
11927,32,Petronella,Blackmoor,Administrator,(996) 1119411
11928,18,Marshall,McMylor,Anesthesiologist,(900) 6287259
11929,9,Alexander,Dashkov,Surgeon,(167) 6402654
11930,49,Casie,Mitchenson,Surgical Technologist,(961) 6603122
11931,50,Sean,Kilday,Transplant Coordinator,(886) 7556301
11932,42,Kenny,Breslin,Lab Technician,(270) 2228476
11933,16,Antone,Burborough,Administrator,(100) 3425248
11934,31,Enrico,Adnams,Transplant Coordinator,(127) 2762447
11935,6,Blanch,Ligerton,Surgeon,(993) 8796078
11936,20,Marguerite,Laing,Anesthesiologist,(441) 4420102
11937,16,Towny,Kibbey,Transplant Coordinator,(345) 2438952
11938,7,Wilfrid,Cuerda,Surgical Technologist,(946) 2680781
11939,49,Nadeen,Haigh,Transplant Coordinator,(774) 6462142
11940,32,Towny,Lambert-Ciorwyn,Administrator,(971) 3526577
11941,16,Nicola,Jaher,Surgical Technologist,(437) 9735257
11942,11,Albertina,Kuzemka,Surgeon,(802) 9896016
11943,28,Cheryl,Colbourn,Surgeon,(914) 1099359
11944,40,Kat,Courcey,Administrator,(632) 5996693
11945,27,Dieter,Jovey,Registered Nurse,(904) 6882111
11946,37,Nichole,Lindemann,Lab Technician,(532) 4185541
11947,13,Jourdan,Gliddon,Lab Technician,(508) 9353619
11948,7,Deedee,Croix,Administrator,(305) 9275315
11949,21,Parker,Daughtry,Lab Technician,(722) 7883471
11950,31,Olenka,OIlier,Administrator,(248) 2039235
11951,17,Inna,Gerber,Lab Technician,(323) 2691931
11952,30,Russ,Badam,Registered Nurse,(198) 3375922
11953,48,Morton,Drew,Surgeon,(150) 9590701
11954,9,Dorry,Bexon,Lab Technician,(171) 7157376
11955,3,Garv,Tummasutti,Lab Technician,(413) 2815396
11956,38,Steffi,Genney,Anesthesiologist,(464) 4010856
11957,8,Trula,Klaaasen,Transplant Coordinator,(704) 2398350
11958,29,Carlynne,Lapre,Anesthesiologist,(653) 3926134
11959,19,Andie,Hasney,Anesthesiologist,(789) 1839536
11960,23,Susanetta,Laydon,Administrator,(775) 7345107
11961,42,Clevey,Depport,Registered Nurse,(527) 4884559
11962,10,Buddie,Sandells,Transplant Coordinator,(468) 9570697
11963,27,Wileen,Capinetti,Surgeon,(920) 3284131
11964,37,Bekki,Drinkel,Surgical Technologist,(404) 6989731
11965,42,Lorinda,Bill,Lab Technician,(363) 8036572
11966,23,Chicky,DeSousa,Administrator,(702) 7854491
11967,24,Nikoletta,Pantling,Registered Nurse,(404) 7649025
11968,31,Lilas,Kettley,Anesthesiologist,(796) 6232462
11969,37,Obidiah,Matejic,Anesthesiologist,(361) 4876401
11970,2,Dinny,Gaywood,Surgical Technologist,(695) 6765881
11971,46,Bjorn,Sole,Surgical Technologist,(559) 7293427
11972,22,Cassie,Morecomb,Administrator,(607) 8195725
11973,12,Halimeda,Borg,Administrator,(175) 2588869
11974,49,Wandie,Flaxon,Surgeon,(643) 9295682
11975,46,Kristina,Camplin,Lab Technician,(285) 9513887
11976,24,Anselm,Kovacs,Administrator,(345) 7738106
11977,27,Muriel,Falls,Surgical Technologist,(869) 3626517
11978,14,Terry,Corbyn,Registered Nurse,(227) 3021422
11979,34,Aidan,Nelsen,Lab Technician,(475) 1727598
11980,21,Andriette,Hiland,Lab Technician,(329) 4298097
11981,10,Lorens,Doodney,Surgical Technologist,(867) 8247517
11982,24,Dag,Pashen,Registered Nurse,(789) 2526359
11983,20,Rinaldo,Nardoni,Anesthesiologist,(357) 1683840
11984,16,Gregorio,Heimes,Transplant Coordinator,(700) 8399319
11985,21,Ardis,Hallgath,Surgical Technologist,(548) 2040259
11986,23,Kata,Normaville,Transplant Coordinator,(524) 9176688
11987,21,Axe,Mapston,Surgical Technologist,(871) 1518004
11988,2,Kelsey,Brazel,Surgeon,(617) 5877588
11989,20,Kiri,Melpuss,Surgeon,(933) 1183452
11990,40,Pierrette,Parsonson,Registered Nurse,(210) 8876530
11991,46,Nevil,McLaughlin,Administrator,(143) 5352955
11992,4,Vivi,Cumbridge,Surgical Technologist,(557) 8886034
11993,25,Blanch,Coniff,Anesthesiologist,(916) 3205850
11994,48,Sherry,Wealthall,Transplant Coordinator,(939) 8741883
11995,33,Bryn,Mose,Registered Nurse,(398) 9978688
11996,20,Alasdair,Scullin,Transplant Coordinator,(427) 3491236
11997,10,Denys,Brazur,Surgical Technologist,(217) 8526051
11998,2,Martie,Catenot,Lab Technician,(621) 8174952
11999,35,Leontine,Whilde,Anesthesiologist,(873) 4475638
12000,13,Filippa,Charette,Anesthesiologist,(630) 5573063
12001,44,Zelig,Skatcher,Anesthesiologist,(135) 5071101
12002,49,Glynis,Stokey,Surgical Technologist,(604) 6547607
12003,26,Aristotle,Gabotti,Lab Technician,(899) 4175730
12004,2,Flo,Levecque,Transplant Coordinator,(320) 7236316
12005,7,Burnard,Eary,Lab Technician,(703) 5811405
12006,28,Glenda,Cuff,Anesthesiologist,(710) 2663815
12007,50,Nell,Crossthwaite,Lab Technician,(612) 2190852
12008,43,Katy,LLelweln,Anesthesiologist,(397) 8957845
12009,40,Martelle,Petren,Administrator,(738) 2883199
12010,5,Frazer,Reddie,Transplant Coordinator,(322) 7179118
12011,32,Leupold,Jehan,Surgeon,(811) 9490796
12012,29,Mort,Sextone,Administrator,(582) 2414521
12013,19,Arluene,Parris,Surgeon,(637) 6830246
12014,25,Aurel,Maeer,Registered Nurse,(160) 9649539
12015,17,Hobart,Chataignier,Surgeon,(570) 5492595
12016,20,Bill,Chetwin,Lab Technician,(969) 9321100
12017,34,Jervis,Arnowitz,Lab Technician,(344) 1237644
12018,45,Catlee,Girard,Transplant Coordinator,(539) 4311272
12019,5,Bobbe,McTaggart,Anesthesiologist,(928) 8318591
12020,5,Alaric,Radeliffe,Surgical Technologist,(333) 2330457
12021,14,Brennan,Asser,Administrator,(427) 4181703
12022,44,Sherwood,Matt,Surgeon,(954) 2951561
12023,5,Erika,Threadgall,Anesthesiologist,(687) 9483693
12024,34,Virgie,Sybry,Anesthesiologist,(673) 7876574
12025,43,Yorker,Saltsberger,Transplant Coordinator,(677) 6972298
12026,39,Meryl,Hatherall,Transplant Coordinator,(441) 4545672
12027,4,Orson,Willmer,Lab Technician,(504) 7645926
12028,4,Corena,Brydie,Lab Technician,(805) 4422570
12029,18,Berta,Harrap,Anesthesiologist,(235) 7014908
12030,40,Lutero,Dowdell,Surgical Technologist,(182) 1028524
12031,5,Vito,Dahle,Surgical Technologist,(604) 4693667
12032,29,Piggy,Christley,Registered Nurse,(553) 8227852
12033,6,Libbie,Wheldon,Surgical Technologist,(399) 7509050
12034,1,Maren,Lintin,Surgical Technologist,(855) 9174851
12035,35,Elysha,Bouchard,Administrator,(769) 9491330
12036,18,Georgeanne,MacAndie,Anesthesiologist,(273) 3404850
12037,34,Rutger,Purvey,Lab Technician,(715) 3061048
12038,12,Bartholomeo,Marsie,Surgeon,(613) 4713733
12039,49,Antonius,Grigg,Administrator,(131) 8406494
12040,48,Rance,Cicco,Surgeon,(495) 7758300
12041,1,Elfrieda,Le Grys,Administrator,(833) 5720717
12042,50,Benetta,Anger,Anesthesiologist,(361) 3019158
12043,46,Timofei,Borrington,Surgical Technologist,(462) 1783173
12044,4,Aldous,Domoney,Administrator,(188) 5836648
12045,49,Antonio,Peyes,Surgeon,(744) 9587501
12046,28,Seka,Sparshott,Surgeon,(749) 9037019
12047,3,Zach,Blasi,Lab Technician,(778) 6461969
12048,4,Lucio,Kitlee,Administrator,(438) 8861624
12049,27,Stefa,Byart,Anesthesiologist,(143) 5814029
12050,35,Mellisent,Bruhke,Lab Technician,(289) 3033657
12051,44,Dorrie,Markussen,Surgeon,(986) 4237098
12052,21,Damian,Jannasch,Surgical Technologist,(222) 5821125
12053,48,Artus,Hance,Administrator,(234) 1215512
12054,38,Dru,Lathbury,Surgeon,(602) 1051893
12055,11,Carmelia,Stirtle,Transplant Coordinator,(803) 5977553
12056,21,Carrol,Brosio,Administrator,(701) 7161763
12057,30,Falkner,Trayte,Surgical Technologist,(758) 8065919
12058,15,Lesly,Stiling,Lab Technician,(164) 5450257
12059,8,Talbert,Jiggins,Transplant Coordinator,(963) 7138283
12060,17,Bonnee,Goodere,Surgeon,(607) 3943674
12061,2,Kaitlynn,Gerardeaux,Administrator,(425) 7961924
12062,28,Killy,Ost,Transplant Coordinator,(399) 9935177
12063,42,Linell,Leafe,Lab Technician,(767) 4107593
12064,49,Gwennie,Towns,Surgical Technologist,(762) 9141001
12065,34,Kaja,Trewartha,Administrator,(788) 6508064
12066,49,Hy,Truett,Registered Nurse,(743) 3696943
12067,42,Aeriela,Maffei,Administrator,(696) 7245382
12068,47,Sarina,Traves,Lab Technician,(928) 4819819
12069,29,Willetta,Howat,Surgeon,(830) 2495482
12070,16,Gustave,Castagna,Lab Technician,(813) 2001057
12071,16,Salome,Lovell,Administrator,(926) 6986103
12072,7,Carmine,Clulee,Transplant Coordinator,(886) 4127216
12073,38,Donnie,Oldham,Registered Nurse,(682) 5224540
12074,19,Cleon,Caudray,Surgical Technologist,(180) 3034031
12075,10,Mable,Domini,Registered Nurse,(271) 6244490
12076,30,Gawain,Quaife,Lab Technician,(593) 6672486
12077,13,Amata,St Clair,Lab Technician,(431) 8680015
12078,36,Lilllie,Beaushaw,Transplant Coordinator,(477) 7818621
12079,34,Osmund,Springthorpe,Registered Nurse,(935) 4860676
12080,7,Inna,Dugood,Transplant Coordinator,(955) 9071069
12081,2,Lilas,Lain,Anesthesiologist,(890) 5741066
12082,31,Kandy,Brock,Registered Nurse,(169) 6902665
12083,2,Monika,Edmonson,Anesthesiologist,(456) 7854317
12084,11,Sam,Jelliman,Transplant Coordinator,(813) 9372913
12085,24,Nichol,Fairbard,Lab Technician,(738) 4925638
12086,1,Pauly,Dymott,Surgeon,(703) 1392901
12087,4,Urban,Mannering,Transplant Coordinator,(791) 2513640
12088,22,Arabella,Flobert,Registered Nurse,(865) 6670998
12089,36,Karlen,Howis,Anesthesiologist,(556) 3146931
12090,12,Jase,Pflieger,Surgeon,(865) 7661676
12091,23,Debora,Hailston,Anesthesiologist,(886) 2362344
12092,41,Giustina,Dow,Administrator,(212) 9510788
12093,50,Gussie,Shortt,Transplant Coordinator,(760) 2219629
12094,20,Raye,Murray,Lab Technician,(478) 7859711
12095,19,Vasilis,Mold,Administrator,(896) 6792228
12096,37,Murial,Buesnel,Lab Technician,(674) 2294120
12097,40,Myrle,Reimers,Anesthesiologist,(748) 9612712
12098,48,Annabell,MacLaren,Transplant Coordinator,(253) 6929522
12099,45,Katine,Booty,Administrator,(127) 4724716
12100,19,Cherida,Tamblingson,Anesthesiologist,(788) 4784757
12101,2,Kilian,Chadband,Anesthesiologist,(246) 1991405
12102,13,Anatol,Georgeou,Administrator,(292) 2395688
12103,8,Filide,Eshelby,Administrator,(928) 8066296
12104,42,Babb,Godfroy,Administrator,(218) 8783972
12105,48,Cosme,Blackham,Registered Nurse,(352) 9338183
12106,5,Garfield,Erricker,Anesthesiologist,(183) 3890926
12107,24,Marcy,Coale,Lab Technician,(130) 5574166
12108,19,Vonni,Drinkale,Surgical Technologist,(529) 2171355
12109,36,Greg,Viger,Registered Nurse,(916) 1013494
12110,21,Mandi,Dauncey,Surgical Technologist,(188) 4081023
12111,50,Arvin,Schwander,Registered Nurse,(376) 2124586
